,buying,maint,doors,persons,lug_boot,safety,class
0,4,4,2,2,1,1,1
1,4,4,2,2,1,2,1
2,4,4,2,2,1,3,1
3,4,4,2,2,2,1,1
4,4,4,2,2,2,2,1
5,4,4,2,2,2,3,1
6,4,4,2,2,3,1,1
7,4,4,2,2,3,2,1
8,4,4,2,2,3,3,1
9,4,4,2,4,1,1,1
10,4,4,2,4,1,2,1
11,4,4,2,4,1,3,1
12,4,4,2,4,2,1,1
13,4,4,2,4,2,2,1
14,4,4,2,4,2,3,1
15,4,4,2,4,3,1,1
16,4,4,2,4,3,2,1
17,4,4,2,4,3,3,1
18,4,4,2,5,1,1,1
19,4,4,2,5,1,2,1
20,4,4,2,5,1,3,1
21,4,4,2,5,2,1,1
22,4,4,2,5,2,2,1
23,4,4,2,5,2,3,1
24,4,4,2,5,3,1,1
25,4,4,2,5,3,2,1
26,4,4,2,5,3,3,1
27,4,4,3,2,1,1,1
28,4,4,3,2,1,2,1
29,4,4,3,2,1,3,1
30,4,4,3,2,2,1,1
31,4,4,3,2,2,2,1
32,4,4,3,2,2,3,1
33,4,4,3,2,3,1,1
34,4,4,3,2,3,2,1
35,4,4,3,2,3,3,1
36,4,4,3,4,1,1,1
37,4,4,3,4,1,2,1
38,4,4,3,4,1,3,1
39,4,4,3,4,2,1,1
40,4,4,3,4,2,2,1
41,4,4,3,4,2,3,1
42,4,4,3,4,3,1,1
43,4,4,3,4,3,2,1
44,4,4,3,4,3,3,1
45,4,4,3,5,1,1,1
46,4,4,3,5,1,2,1
47,4,4,3,5,1,3,1
48,4,4,3,5,2,1,1
49,4,4,3,5,2,2,1
50,4,4,3,5,2,3,1
51,4,4,3,5,3,1,1
52,4,4,3,5,3,2,1
53,4,4,3,5,3,3,1
54,4,4,4,2,1,1,1
55,4,4,4,2,1,2,1
56,4,4,4,2,1,3,1
57,4,4,4,2,2,1,1
58,4,4,4,2,2,2,1
59,4,4,4,2,2,3,1
60,4,4,4,2,3,1,1
61,4,4,4,2,3,2,1
62,4,4,4,2,3,3,1
63,4,4,4,4,1,1,1
64,4,4,4,4,1,2,1
65,4,4,4,4,1,3,1
66,4,4,4,4,2,1,1
67,4,4,4,4,2,2,1
68,4,4,4,4,2,3,1
69,4,4,4,4,3,1,1
70,4,4,4,4,3,2,1
71,4,4,4,4,3,3,1
72,4,4,4,5,1,1,1
73,4,4,4,5,1,2,1
74,4,4,4,5,1,3,1
75,4,4,4,5,2,1,1
76,4,4,4,5,2,2,1
77,4,4,4,5,2,3,1
78,4,4,4,5,3,1,1
79,4,4,4,5,3,2,1
80,4,4,4,5,3,3,1
81,4,4,6,2,1,1,1
82,4,4,6,2,1,2,1
83,4,4,6,2,1,3,1
84,4,4,6,2,2,1,1
85,4,4,6,2,2,2,1
86,4,4,6,2,2,3,1
87,4,4,6,2,3,1,1
88,4,4,6,2,3,2,1
89,4,4,6,2,3,3,1
90,4,4,6,4,1,1,1
91,4,4,6,4,1,2,1
92,4,4,6,4,1,3,1
93,4,4,6,4,2,1,1
94,4,4,6,4,2,2,1
95,4,4,6,4,2,3,1
96,4,4,6,4,3,1,1
97,4,4,6,4,3,2,1
98,4,4,6,4,3,3,1
99,4,4,6,5,1,1,1
100,4,4,6,5,1,2,1
101,4,4,6,5,1,3,1
102,4,4,6,5,2,1,1
103,4,4,6,5,2,2,1
104,4,4,6,5,2,3,1
105,4,4,6,5,3,1,1
106,4,4,6,5,3,2,1
107,4,4,6,5,3,3,1
108,4,3,2,2,1,1,1
109,4,3,2,2,1,2,1
110,4,3,2,2,1,3,1
111,4,3,2,2,2,1,1
112,4,3,2,2,2,2,1
113,4,3,2,2,2,3,1
114,4,3,2,2,3,1,1
115,4,3,2,2,3,2,1
116,4,3,2,2,3,3,1
117,4,3,2,4,1,1,1
118,4,3,2,4,1,2,1
119,4,3,2,4,1,3,1
120,4,3,2,4,2,1,1
121,4,3,2,4,2,2,1
122,4,3,2,4,2,3,1
123,4,3,2,4,3,1,1
124,4,3,2,4,3,2,1
125,4,3,2,4,3,3,1
126,4,3,2,5,1,1,1
127,4,3,2,5,1,2,1
128,4,3,2,5,1,3,1
129,4,3,2,5,2,1,1
130,4,3,2,5,2,2,1
131,4,3,2,5,2,3,1
132,4,3,2,5,3,1,1
133,4,3,2,5,3,2,1
134,4,3,2,5,3,3,1
135,4,3,3,2,1,1,1
136,4,3,3,2,1,2,1
137,4,3,3,2,1,3,1
138,4,3,3,2,2,1,1
139,4,3,3,2,2,2,1
140,4,3,3,2,2,3,1
141,4,3,3,2,3,1,1
142,4,3,3,2,3,2,1
143,4,3,3,2,3,3,1
144,4,3,3,4,1,1,1
145,4,3,3,4,1,2,1
146,4,3,3,4,1,3,1
147,4,3,3,4,2,1,1
148,4,3,3,4,2,2,1
149,4,3,3,4,2,3,1
150,4,3,3,4,3,1,1
151,4,3,3,4,3,2,1
152,4,3,3,4,3,3,1
153,4,3,3,5,1,1,1
154,4,3,3,5,1,2,1
155,4,3,3,5,1,3,1
156,4,3,3,5,2,1,1
157,4,3,3,5,2,2,1
158,4,3,3,5,2,3,1
159,4,3,3,5,3,1,1
160,4,3,3,5,3,2,1
161,4,3,3,5,3,3,1
162,4,3,4,2,1,1,1
163,4,3,4,2,1,2,1
164,4,3,4,2,1,3,1
165,4,3,4,2,2,1,1
166,4,3,4,2,2,2,1
167,4,3,4,2,2,3,1
168,4,3,4,2,3,1,1
169,4,3,4,2,3,2,1
170,4,3,4,2,3,3,1
171,4,3,4,4,1,1,1
172,4,3,4,4,1,2,1
173,4,3,4,4,1,3,1
174,4,3,4,4,2,1,1
175,4,3,4,4,2,2,1
176,4,3,4,4,2,3,1
177,4,3,4,4,3,1,1
178,4,3,4,4,3,2,1
179,4,3,4,4,3,3,1
180,4,3,4,5,1,1,1
181,4,3,4,5,1,2,1
182,4,3,4,5,1,3,1
183,4,3,4,5,2,1,1
184,4,3,4,5,2,2,1
185,4,3,4,5,2,3,1
186,4,3,4,5,3,1,1
187,4,3,4,5,3,2,1
188,4,3,4,5,3,3,1
189,4,3,6,2,1,1,1
190,4,3,6,2,1,2,1
191,4,3,6,2,1,3,1
192,4,3,6,2,2,1,1
193,4,3,6,2,2,2,1
194,4,3,6,2,2,3,1
195,4,3,6,2,3,1,1
196,4,3,6,2,3,2,1
197,4,3,6,2,3,3,1
198,4,3,6,4,1,1,1
199,4,3,6,4,1,2,1
200,4,3,6,4,1,3,1
201,4,3,6,4,2,1,1
202,4,3,6,4,2,2,1
203,4,3,6,4,2,3,1
204,4,3,6,4,3,1,1
205,4,3,6,4,3,2,1
206,4,3,6,4,3,3,1
207,4,3,6,5,1,1,1
208,4,3,6,5,1,2,1
209,4,3,6,5,1,3,1
210,4,3,6,5,2,1,1
211,4,3,6,5,2,2,1
212,4,3,6,5,2,3,1
213,4,3,6,5,3,1,1
214,4,3,6,5,3,2,1
215,4,3,6,5,3,3,1
216,4,2,2,2,1,1,1
217,4,2,2,2,1,2,1
218,4,2,2,2,1,3,1
219,4,2,2,2,2,1,1
220,4,2,2,2,2,2,1
221,4,2,2,2,2,3,1
222,4,2,2,2,3,1,1
223,4,2,2,2,3,2,1
224,4,2,2,2,3,3,1
225,4,2,2,4,1,1,1
226,4,2,2,4,1,2,1
227,4,2,2,4,1,3,2
228,4,2,2,4,2,1,1
229,4,2,2,4,2,2,1
230,4,2,2,4,2,3,2
231,4,2,2,4,3,1,1
232,4,2,2,4,3,2,2
233,4,2,2,4,3,3,2
234,4,2,2,5,1,1,1
235,4,2,2,5,1,2,1
236,4,2,2,5,1,3,1
237,4,2,2,5,2,1,1
238,4,2,2,5,2,2,1
239,4,2,2,5,2,3,2
240,4,2,2,5,3,1,1
241,4,2,2,5,3,2,2
242,4,2,2,5,3,3,2
243,4,2,3,2,1,1,1
244,4,2,3,2,1,2,1
245,4,2,3,2,1,3,1
246,4,2,3,2,2,1,1
247,4,2,3,2,2,2,1
248,4,2,3,2,2,3,1
249,4,2,3,2,3,1,1
250,4,2,3,2,3,2,1
251,4,2,3,2,3,3,1
252,4,2,3,4,1,1,1
253,4,2,3,4,1,2,1
254,4,2,3,4,1,3,2
255,4,2,3,4,2,1,1
256,4,2,3,4,2,2,1
257,4,2,3,4,2,3,2
258,4,2,3,4,3,1,1
259,4,2,3,4,3,2,2
260,4,2,3,4,3,3,2
261,4,2,3,5,1,1,1
262,4,2,3,5,1,2,1
263,4,2,3,5,1,3,2
264,4,2,3,5,2,1,1
265,4,2,3,5,2,2,2
266,4,2,3,5,2,3,2
267,4,2,3,5,3,1,1
268,4,2,3,5,3,2,2
269,4,2,3,5,3,3,2
270,4,2,4,2,1,1,1
271,4,2,4,2,1,2,1
272,4,2,4,2,1,3,1
273,4,2,4,2,2,1,1
274,4,2,4,2,2,2,1
275,4,2,4,2,2,3,1
276,4,2,4,2,3,1,1
277,4,2,4,2,3,2,1
278,4,2,4,2,3,3,1
279,4,2,4,4,1,1,1
280,4,2,4,4,1,2,1
281,4,2,4,4,1,3,2
282,4,2,4,4,2,1,1
283,4,2,4,4,2,2,2
284,4,2,4,4,2,3,2
285,4,2,4,4,3,1,1
286,4,2,4,4,3,2,2
287,4,2,4,4,3,3,2
288,4,2,4,5,1,1,1
289,4,2,4,5,1,2,1
290,4,2,4,5,1,3,2
291,4,2,4,5,2,1,1
292,4,2,4,5,2,2,2
293,4,2,4,5,2,3,2
294,4,2,4,5,3,1,1
295,4,2,4,5,3,2,2
296,4,2,4,5,3,3,2
297,4,2,6,2,1,1,1
298,4,2,6,2,1,2,1
299,4,2,6,2,1,3,1
300,4,2,6,2,2,1,1
301,4,2,6,2,2,2,1
302,4,2,6,2,2,3,1
303,4,2,6,2,3,1,1
304,4,2,6,2,3,2,1
305,4,2,6,2,3,3,1
306,4,2,6,4,1,1,1
307,4,2,6,4,1,2,1
308,4,2,6,4,1,3,2
309,4,2,6,4,2,1,1
310,4,2,6,4,2,2,2
311,4,2,6,4,2,3,2
312,4,2,6,4,3,1,1
313,4,2,6,4,3,2,2
314,4,2,6,4,3,3,2
315,4,2,6,5,1,1,1
316,4,2,6,5,1,2,1
317,4,2,6,5,1,3,2
318,4,2,6,5,2,1,1
319,4,2,6,5,2,2,2
320,4,2,6,5,2,3,2
321,4,2,6,5,3,1,1
322,4,2,6,5,3,2,2
323,4,2,6,5,3,3,2
324,4,1,2,2,1,1,1
325,4,1,2,2,1,2,1
326,4,1,2,2,1,3,1
327,4,1,2,2,2,1,1
328,4,1,2,2,2,2,1
329,4,1,2,2,2,3,1
330,4,1,2,2,3,1,1
331,4,1,2,2,3,2,1
332,4,1,2,2,3,3,1
333,4,1,2,4,1,1,1
334,4,1,2,4,1,2,1
335,4,1,2,4,1,3,2
336,4,1,2,4,2,1,1
337,4,1,2,4,2,2,1
338,4,1,2,4,2,3,2
339,4,1,2,4,3,1,1
340,4,1,2,4,3,2,2
341,4,1,2,4,3,3,2
342,4,1,2,5,1,1,1
343,4,1,2,5,1,2,1
344,4,1,2,5,1,3,1
345,4,1,2,5,2,1,1
346,4,1,2,5,2,2,1
347,4,1,2,5,2,3,2
348,4,1,2,5,3,1,1
349,4,1,2,5,3,2,2
350,4,1,2,5,3,3,2
351,4,1,3,2,1,1,1
352,4,1,3,2,1,2,1
353,4,1,3,2,1,3,1
354,4,1,3,2,2,1,1
355,4,1,3,2,2,2,1
356,4,1,3,2,2,3,1
357,4,1,3,2,3,1,1
358,4,1,3,2,3,2,1
359,4,1,3,2,3,3,1
360,4,1,3,4,1,1,1
361,4,1,3,4,1,2,1
362,4,1,3,4,1,3,2
363,4,1,3,4,2,1,1
364,4,1,3,4,2,2,1
365,4,1,3,4,2,3,2
366,4,1,3,4,3,1,1
367,4,1,3,4,3,2,2
368,4,1,3,4,3,3,2
369,4,1,3,5,1,1,1
370,4,1,3,5,1,2,1
371,4,1,3,5,1,3,2
372,4,1,3,5,2,1,1
373,4,1,3,5,2,2,2
374,4,1,3,5,2,3,2
375,4,1,3,5,3,1,1
376,4,1,3,5,3,2,2
377,4,1,3,5,3,3,2
378,4,1,4,2,1,1,1
379,4,1,4,2,1,2,1
380,4,1,4,2,1,3,1
381,4,1,4,2,2,1,1
382,4,1,4,2,2,2,1
383,4,1,4,2,2,3,1
384,4,1,4,2,3,1,1
385,4,1,4,2,3,2,1
386,4,1,4,2,3,3,1
387,4,1,4,4,1,1,1
388,4,1,4,4,1,2,1
389,4,1,4,4,1,3,2
390,4,1,4,4,2,1,1
391,4,1,4,4,2,2,2
392,4,1,4,4,2,3,2
393,4,1,4,4,3,1,1
394,4,1,4,4,3,2,2
395,4,1,4,4,3,3,2
396,4,1,4,5,1,1,1
397,4,1,4,5,1,2,1
398,4,1,4,5,1,3,2
399,4,1,4,5,2,1,1
400,4,1,4,5,2,2,2
401,4,1,4,5,2,3,2
402,4,1,4,5,3,1,1
403,4,1,4,5,3,2,2
404,4,1,4,5,3,3,2
405,4,1,6,2,1,1,1
406,4,1,6,2,1,2,1
407,4,1,6,2,1,3,1
408,4,1,6,2,2,1,1
409,4,1,6,2,2,2,1
410,4,1,6,2,2,3,1
411,4,1,6,2,3,1,1
412,4,1,6,2,3,2,1
413,4,1,6,2,3,3,1
414,4,1,6,4,1,1,1
415,4,1,6,4,1,2,1
416,4,1,6,4,1,3,2
417,4,1,6,4,2,1,1
418,4,1,6,4,2,2,2
419,4,1,6,4,2,3,2
420,4,1,6,4,3,1,1
421,4,1,6,4,3,2,2
422,4,1,6,4,3,3,2
423,4,1,6,5,1,1,1
424,4,1,6,5,1,2,1
425,4,1,6,5,1,3,2
426,4,1,6,5,2,1,1
427,4,1,6,5,2,2,2
428,4,1,6,5,2,3,2
429,4,1,6,5,3,1,1
430,4,1,6,5,3,2,2
431,4,1,6,5,3,3,2
432,3,4,2,2,1,1,1
433,3,4,2,2,1,2,1
434,3,4,2,2,1,3,1
435,3,4,2,2,2,1,1
436,3,4,2,2,2,2,1
437,3,4,2,2,2,3,1
438,3,4,2,2,3,1,1
439,3,4,2,2,3,2,1
440,3,4,2,2,3,3,1
441,3,4,2,4,1,1,1
442,3,4,2,4,1,2,1
443,3,4,2,4,1,3,1
444,3,4,2,4,2,1,1
445,3,4,2,4,2,2,1
446,3,4,2,4,2,3,1
447,3,4,2,4,3,1,1
448,3,4,2,4,3,2,1
449,3,4,2,4,3,3,1
450,3,4,2,5,1,1,1
451,3,4,2,5,1,2,1
452,3,4,2,5,1,3,1
453,3,4,2,5,2,1,1
454,3,4,2,5,2,2,1
455,3,4,2,5,2,3,1
456,3,4,2,5,3,1,1
457,3,4,2,5,3,2,1
458,3,4,2,5,3,3,1
459,3,4,3,2,1,1,1
460,3,4,3,2,1,2,1
461,3,4,3,2,1,3,1
462,3,4,3,2,2,1,1
463,3,4,3,2,2,2,1
464,3,4,3,2,2,3,1
465,3,4,3,2,3,1,1
466,3,4,3,2,3,2,1
467,3,4,3,2,3,3,1
468,3,4,3,4,1,1,1
469,3,4,3,4,1,2,1
470,3,4,3,4,1,3,1
471,3,4,3,4,2,1,1
472,3,4,3,4,2,2,1
473,3,4,3,4,2,3,1
474,3,4,3,4,3,1,1
475,3,4,3,4,3,2,1
476,3,4,3,4,3,3,1
477,3,4,3,5,1,1,1
478,3,4,3,5,1,2,1
479,3,4,3,5,1,3,1
480,3,4,3,5,2,1,1
481,3,4,3,5,2,2,1
482,3,4,3,5,2,3,1
483,3,4,3,5,3,1,1
484,3,4,3,5,3,2,1
485,3,4,3,5,3,3,1
486,3,4,4,2,1,1,1
487,3,4,4,2,1,2,1
488,3,4,4,2,1,3,1
489,3,4,4,2,2,1,1
490,3,4,4,2,2,2,1
491,3,4,4,2,2,3,1
492,3,4,4,2,3,1,1
493,3,4,4,2,3,2,1
494,3,4,4,2,3,3,1
495,3,4,4,4,1,1,1
496,3,4,4,4,1,2,1
497,3,4,4,4,1,3,1
498,3,4,4,4,2,1,1
499,3,4,4,4,2,2,1
500,3,4,4,4,2,3,1
501,3,4,4,4,3,1,1
502,3,4,4,4,3,2,1
503,3,4,4,4,3,3,1
504,3,4,4,5,1,1,1
505,3,4,4,5,1,2,1
506,3,4,4,5,1,3,1
507,3,4,4,5,2,1,1
508,3,4,4,5,2,2,1
509,3,4,4,5,2,3,1
510,3,4,4,5,3,1,1
511,3,4,4,5,3,2,1
512,3,4,4,5,3,3,1
513,3,4,6,2,1,1,1
514,3,4,6,2,1,2,1
515,3,4,6,2,1,3,1
516,3,4,6,2,2,1,1
517,3,4,6,2,2,2,1
518,3,4,6,2,2,3,1
519,3,4,6,2,3,1,1
520,3,4,6,2,3,2,1
521,3,4,6,2,3,3,1
522,3,4,6,4,1,1,1
523,3,4,6,4,1,2,1
524,3,4,6,4,1,3,1
525,3,4,6,4,2,1,1
526,3,4,6,4,2,2,1
527,3,4,6,4,2,3,1
528,3,4,6,4,3,1,1
529,3,4,6,4,3,2,1
530,3,4,6,4,3,3,1
531,3,4,6,5,1,1,1
532,3,4,6,5,1,2,1
533,3,4,6,5,1,3,1
534,3,4,6,5,2,1,1
535,3,4,6,5,2,2,1
536,3,4,6,5,2,3,1
537,3,4,6,5,3,1,1
538,3,4,6,5,3,2,1
539,3,4,6,5,3,3,1
540,3,3,2,2,1,1,1
541,3,3,2,2,1,2,1
542,3,3,2,2,1,3,1
543,3,3,2,2,2,1,1
544,3,3,2,2,2,2,1
545,3,3,2,2,2,3,1
546,3,3,2,2,3,1,1
547,3,3,2,2,3,2,1
548,3,3,2,2,3,3,1
549,3,3,2,4,1,1,1
550,3,3,2,4,1,2,1
551,3,3,2,4,1,3,2
552,3,3,2,4,2,1,1
553,3,3,2,4,2,2,1
554,3,3,2,4,2,3,2
555,3,3,2,4,3,1,1
556,3,3,2,4,3,2,2
557,3,3,2,4,3,3,2
558,3,3,2,5,1,1,1
559,3,3,2,5,1,2,1
560,3,3,2,5,1,3,1
561,3,3,2,5,2,1,1
562,3,3,2,5,2,2,1
563,3,3,2,5,2,3,2
564,3,3,2,5,3,1,1
565,3,3,2,5,3,2,2
566,3,3,2,5,3,3,2
567,3,3,3,2,1,1,1
568,3,3,3,2,1,2,1
569,3,3,3,2,1,3,1
570,3,3,3,2,2,1,1
571,3,3,3,2,2,2,1
572,3,3,3,2,2,3,1
573,3,3,3,2,3,1,1
574,3,3,3,2,3,2,1
575,3,3,3,2,3,3,1
576,3,3,3,4,1,1,1
577,3,3,3,4,1,2,1
578,3,3,3,4,1,3,2
579,3,3,3,4,2,1,1
580,3,3,3,4,2,2,1
581,3,3,3,4,2,3,2
582,3,3,3,4,3,1,1
583,3,3,3,4,3,2,2
584,3,3,3,4,3,3,2
585,3,3,3,5,1,1,1
586,3,3,3,5,1,2,1
587,3,3,3,5,1,3,2
588,3,3,3,5,2,1,1
589,3,3,3,5,2,2,2
590,3,3,3,5,2,3,2
591,3,3,3,5,3,1,1
592,3,3,3,5,3,2,2
593,3,3,3,5,3,3,2
594,3,3,4,2,1,1,1
595,3,3,4,2,1,2,1
596,3,3,4,2,1,3,1
597,3,3,4,2,2,1,1
598,3,3,4,2,2,2,1
599,3,3,4,2,2,3,1
600,3,3,4,2,3,1,1
601,3,3,4,2,3,2,1
602,3,3,4,2,3,3,1
603,3,3,4,4,1,1,1
604,3,3,4,4,1,2,1
605,3,3,4,4,1,3,2
606,3,3,4,4,2,1,1
607,3,3,4,4,2,2,2
608,3,3,4,4,2,3,2
609,3,3,4,4,3,1,1
610,3,3,4,4,3,2,2
611,3,3,4,4,3,3,2
612,3,3,4,5,1,1,1
613,3,3,4,5,1,2,1
614,3,3,4,5,1,3,2
615,3,3,4,5,2,1,1
616,3,3,4,5,2,2,2
617,3,3,4,5,2,3,2
618,3,3,4,5,3,1,1
619,3,3,4,5,3,2,2
620,3,3,4,5,3,3,2
621,3,3,6,2,1,1,1
622,3,3,6,2,1,2,1
623,3,3,6,2,1,3,1
624,3,3,6,2,2,1,1
625,3,3,6,2,2,2,1
626,3,3,6,2,2,3,1
627,3,3,6,2,3,1,1
628,3,3,6,2,3,2,1
629,3,3,6,2,3,3,1
630,3,3,6,4,1,1,1
631,3,3,6,4,1,2,1
632,3,3,6,4,1,3,2
633,3,3,6,4,2,1,1
634,3,3,6,4,2,2,2
635,3,3,6,4,2,3,2
636,3,3,6,4,3,1,1
637,3,3,6,4,3,2,2
638,3,3,6,4,3,3,2
639,3,3,6,5,1,1,1
640,3,3,6,5,1,2,1
641,3,3,6,5,1,3,2
642,3,3,6,5,2,1,1
643,3,3,6,5,2,2,2
644,3,3,6,5,2,3,2
645,3,3,6,5,3,1,1
646,3,3,6,5,3,2,2
647,3,3,6,5,3,3,2
648,3,2,2,2,1,1,1
649,3,2,2,2,1,2,1
650,3,2,2,2,1,3,1
651,3,2,2,2,2,1,1
652,3,2,2,2,2,2,1
653,3,2,2,2,2,3,1
654,3,2,2,2,3,1,1
655,3,2,2,2,3,2,1
656,3,2,2,2,3,3,1
657,3,2,2,4,1,1,1
658,3,2,2,4,1,2,1
659,3,2,2,4,1,3,2
660,3,2,2,4,2,1,1
661,3,2,2,4,2,2,1
662,3,2,2,4,2,3,2
663,3,2,2,4,3,1,1
664,3,2,2,4,3,2,2
665,3,2,2,4,3,3,2
666,3,2,2,5,1,1,1
667,3,2,2,5,1,2,1
668,3,2,2,5,1,3,1
669,3,2,2,5,2,1,1
670,3,2,2,5,2,2,1
671,3,2,2,5,2,3,2
672,3,2,2,5,3,1,1
673,3,2,2,5,3,2,2
674,3,2,2,5,3,3,2
675,3,2,3,2,1,1,1
676,3,2,3,2,1,2,1
677,3,2,3,2,1,3,1
678,3,2,3,2,2,1,1
679,3,2,3,2,2,2,1
680,3,2,3,2,2,3,1
681,3,2,3,2,3,1,1
682,3,2,3,2,3,2,1
683,3,2,3,2,3,3,1
684,3,2,3,4,1,1,1
685,3,2,3,4,1,2,1
686,3,2,3,4,1,3,2
687,3,2,3,4,2,1,1
688,3,2,3,4,2,2,1
689,3,2,3,4,2,3,2
690,3,2,3,4,3,1,1
691,3,2,3,4,3,2,2
692,3,2,3,4,3,3,2
693,3,2,3,5,1,1,1
694,3,2,3,5,1,2,1
695,3,2,3,5,1,3,2
696,3,2,3,5,2,1,1
697,3,2,3,5,2,2,2
698,3,2,3,5,2,3,2
699,3,2,3,5,3,1,1
700,3,2,3,5,3,2,2
701,3,2,3,5,3,3,2
702,3,2,4,2,1,1,1
703,3,2,4,2,1,2,1
704,3,2,4,2,1,3,1
705,3,2,4,2,2,1,1
706,3,2,4,2,2,2,1
707,3,2,4,2,2,3,1
708,3,2,4,2,3,1,1
709,3,2,4,2,3,2,1
710,3,2,4,2,3,3,1
711,3,2,4,4,1,1,1
712,3,2,4,4,1,2,1
713,3,2,4,4,1,3,2
714,3,2,4,4,2,1,1
715,3,2,4,4,2,2,2
716,3,2,4,4,2,3,2
717,3,2,4,4,3,1,1
718,3,2,4,4,3,2,2
719,3,2,4,4,3,3,2
720,3,2,4,5,1,1,1
721,3,2,4,5,1,2,1
722,3,2,4,5,1,3,2
723,3,2,4,5,2,1,1
724,3,2,4,5,2,2,2
725,3,2,4,5,2,3,2
726,3,2,4,5,3,1,1
727,3,2,4,5,3,2,2
728,3,2,4,5,3,3,2
729,3,2,6,2,1,1,1
730,3,2,6,2,1,2,1
731,3,2,6,2,1,3,1
732,3,2,6,2,2,1,1
733,3,2,6,2,2,2,1
734,3,2,6,2,2,3,1
735,3,2,6,2,3,1,1
736,3,2,6,2,3,2,1
737,3,2,6,2,3,3,1
738,3,2,6,4,1,1,1
739,3,2,6,4,1,2,1
740,3,2,6,4,1,3,2
741,3,2,6,4,2,1,1
742,3,2,6,4,2,2,2
743,3,2,6,4,2,3,2
744,3,2,6,4,3,1,1
745,3,2,6,4,3,2,2
746,3,2,6,4,3,3,2
747,3,2,6,5,1,1,1
748,3,2,6,5,1,2,1
749,3,2,6,5,1,3,2
750,3,2,6,5,2,1,1
751,3,2,6,5,2,2,2
752,3,2,6,5,2,3,2
753,3,2,6,5,3,1,1
754,3,2,6,5,3,2,2
755,3,2,6,5,3,3,2
756,3,1,2,2,1,1,1
757,3,1,2,2,1,2,1
758,3,1,2,2,1,3,1
759,3,1,2,2,2,1,1
760,3,1,2,2,2,2,1
761,3,1,2,2,2,3,1
762,3,1,2,2,3,1,1
763,3,1,2,2,3,2,1
764,3,1,2,2,3,3,1
765,3,1,2,4,1,1,1
766,3,1,2,4,1,2,1
767,3,1,2,4,1,3,2
768,3,1,2,4,2,1,1
769,3,1,2,4,2,2,1
770,3,1,2,4,2,3,2
771,3,1,2,4,3,1,1
772,3,1,2,4,3,2,2
773,3,1,2,4,3,3,2
774,3,1,2,5,1,1,1
775,3,1,2,5,1,2,1
776,3,1,2,5,1,3,1
777,3,1,2,5,2,1,1
778,3,1,2,5,2,2,1
779,3,1,2,5,2,3,2
780,3,1,2,5,3,1,1
781,3,1,2,5,3,2,2
782,3,1,2,5,3,3,2
783,3,1,3,2,1,1,1
784,3,1,3,2,1,2,1
785,3,1,3,2,1,3,1
786,3,1,3,2,2,1,1
787,3,1,3,2,2,2,1
788,3,1,3,2,2,3,1
789,3,1,3,2,3,1,1
790,3,1,3,2,3,2,1
791,3,1,3,2,3,3,1
792,3,1,3,4,1,1,1
793,3,1,3,4,1,2,1
794,3,1,3,4,1,3,2
795,3,1,3,4,2,1,1
796,3,1,3,4,2,2,1
797,3,1,3,4,2,3,2
798,3,1,3,4,3,1,1
799,3,1,3,4,3,2,2
800,3,1,3,4,3,3,2
801,3,1,3,5,1,1,1
802,3,1,3,5,1,2,1
803,3,1,3,5,1,3,2
804,3,1,3,5,2,1,1
805,3,1,3,5,2,2,2
806,3,1,3,5,2,3,2
807,3,1,3,5,3,1,1
808,3,1,3,5,3,2,2
809,3,1,3,5,3,3,2
810,3,1,4,2,1,1,1
811,3,1,4,2,1,2,1
812,3,1,4,2,1,3,1
813,3,1,4,2,2,1,1
814,3,1,4,2,2,2,1
815,3,1,4,2,2,3,1
816,3,1,4,2,3,1,1
817,3,1,4,2,3,2,1
818,3,1,4,2,3,3,1
819,3,1,4,4,1,1,1
820,3,1,4,4,1,2,1
821,3,1,4,4,1,3,2
822,3,1,4,4,2,1,1
823,3,1,4,4,2,2,2
824,3,1,4,4,2,3,2
825,3,1,4,4,3,1,1
826,3,1,4,4,3,2,2
827,3,1,4,4,3,3,2
828,3,1,4,5,1,1,1
829,3,1,4,5,1,2,1
830,3,1,4,5,1,3,2
831,3,1,4,5,2,1,1
832,3,1,4,5,2,2,2
833,3,1,4,5,2,3,2
834,3,1,4,5,3,1,1
835,3,1,4,5,3,2,2
836,3,1,4,5,3,3,2
837,3,1,6,2,1,1,1
838,3,1,6,2,1,2,1
839,3,1,6,2,1,3,1
840,3,1,6,2,2,1,1
841,3,1,6,2,2,2,1
842,3,1,6,2,2,3,1
843,3,1,6,2,3,1,1
844,3,1,6,2,3,2,1
845,3,1,6,2,3,3,1
846,3,1,6,4,1,1,1
847,3,1,6,4,1,2,1
848,3,1,6,4,1,3,2
849,3,1,6,4,2,1,1
850,3,1,6,4,2,2,2
851,3,1,6,4,2,3,2
852,3,1,6,4,3,1,1
853,3,1,6,4,3,2,2
854,3,1,6,4,3,3,2
855,3,1,6,5,1,1,1
856,3,1,6,5,1,2,1
857,3,1,6,5,1,3,2
858,3,1,6,5,2,1,1
859,3,1,6,5,2,2,2
860,3,1,6,5,2,3,2
861,3,1,6,5,3,1,1
862,3,1,6,5,3,2,2
863,3,1,6,5,3,3,2
864,2,4,2,2,1,1,1
865,2,4,2,2,1,2,1
866,2,4,2,2,1,3,1
867,2,4,2,2,2,1,1
868,2,4,2,2,2,2,1
869,2,4,2,2,2,3,1
870,2,4,2,2,3,1,1
871,2,4,2,2,3,2,1
872,2,4,2,2,3,3,1
873,2,4,2,4,1,1,1
874,2,4,2,4,1,2,1
875,2,4,2,4,1,3,2
876,2,4,2,4,2,1,1
877,2,4,2,4,2,2,1
878,2,4,2,4,2,3,2
879,2,4,2,4,3,1,1
880,2,4,2,4,3,2,2
881,2,4,2,4,3,3,2
882,2,4,2,5,1,1,1
883,2,4,2,5,1,2,1
884,2,4,2,5,1,3,1
885,2,4,2,5,2,1,1
886,2,4,2,5,2,2,1
887,2,4,2,5,2,3,2
888,2,4,2,5,3,1,1
889,2,4,2,5,3,2,2
890,2,4,2,5,3,3,2
891,2,4,3,2,1,1,1
892,2,4,3,2,1,2,1
893,2,4,3,2,1,3,1
894,2,4,3,2,2,1,1
895,2,4,3,2,2,2,1
896,2,4,3,2,2,3,1
897,2,4,3,2,3,1,1
898,2,4,3,2,3,2,1
899,2,4,3,2,3,3,1
900,2,4,3,4,1,1,1
901,2,4,3,4,1,2,1
902,2,4,3,4,1,3,2
903,2,4,3,4,2,1,1
904,2,4,3,4,2,2,1
905,2,4,3,4,2,3,2
906,2,4,3,4,3,1,1
907,2,4,3,4,3,2,2
908,2,4,3,4,3,3,2
909,2,4,3,5,1,1,1
910,2,4,3,5,1,2,1
911,2,4,3,5,1,3,2
912,2,4,3,5,2,1,1
913,2,4,3,5,2,2,2
914,2,4,3,5,2,3,2
915,2,4,3,5,3,1,1
916,2,4,3,5,3,2,2
917,2,4,3,5,3,3,2
918,2,4,4,2,1,1,1
919,2,4,4,2,1,2,1
920,2,4,4,2,1,3,1
921,2,4,4,2,2,1,1
922,2,4,4,2,2,2,1
923,2,4,4,2,2,3,1
924,2,4,4,2,3,1,1
925,2,4,4,2,3,2,1
926,2,4,4,2,3,3,1
927,2,4,4,4,1,1,1
928,2,4,4,4,1,2,1
929,2,4,4,4,1,3,2
930,2,4,4,4,2,1,1
931,2,4,4,4,2,2,2
932,2,4,4,4,2,3,2
933,2,4,4,4,3,1,1
934,2,4,4,4,3,2,2
935,2,4,4,4,3,3,2
936,2,4,4,5,1,1,1
937,2,4,4,5,1,2,1
938,2,4,4,5,1,3,2
939,2,4,4,5,2,1,1
940,2,4,4,5,2,2,2
941,2,4,4,5,2,3,2
942,2,4,4,5,3,1,1
943,2,4,4,5,3,2,2
944,2,4,4,5,3,3,2
945,2,4,6,2,1,1,1
946,2,4,6,2,1,2,1
947,2,4,6,2,1,3,1
948,2,4,6,2,2,1,1
949,2,4,6,2,2,2,1
950,2,4,6,2,2,3,1
951,2,4,6,2,3,1,1
952,2,4,6,2,3,2,1
953,2,4,6,2,3,3,1
954,2,4,6,4,1,1,1
955,2,4,6,4,1,2,1
956,2,4,6,4,1,3,2
957,2,4,6,4,2,1,1
958,2,4,6,4,2,2,2
959,2,4,6,4,2,3,2
960,2,4,6,4,3,1,1
961,2,4,6,4,3,2,2
962,2,4,6,4,3,3,2
963,2,4,6,5,1,1,1
964,2,4,6,5,1,2,1
965,2,4,6,5,1,3,2
966,2,4,6,5,2,1,1
967,2,4,6,5,2,2,2
968,2,4,6,5,2,3,2
969,2,4,6,5,3,1,1
970,2,4,6,5,3,2,2
971,2,4,6,5,3,3,2
972,2,3,2,2,1,1,1
973,2,3,2,2,1,2,1
974,2,3,2,2,1,3,1
975,2,3,2,2,2,1,1
976,2,3,2,2,2,2,1
977,2,3,2,2,2,3,1
978,2,3,2,2,3,1,1
979,2,3,2,2,3,2,1
980,2,3,2,2,3,3,1
981,2,3,2,4,1,1,1
982,2,3,2,4,1,2,1
983,2,3,2,4,1,3,2
984,2,3,2,4,2,1,1
985,2,3,2,4,2,2,1
986,2,3,2,4,2,3,2
987,2,3,2,4,3,1,1
988,2,3,2,4,3,2,2
989,2,3,2,4,3,3,2
990,2,3,2,5,1,1,1
991,2,3,2,5,1,2,1
992,2,3,2,5,1,3,1
993,2,3,2,5,2,1,1
994,2,3,2,5,2,2,1
995,2,3,2,5,2,3,2
996,2,3,2,5,3,1,1
997,2,3,2,5,3,2,2
998,2,3,2,5,3,3,2
999,2,3,3,2,1,1,1
1000,2,3,3,2,1,2,1
1001,2,3,3,2,1,3,1
1002,2,3,3,2,2,1,1
1003,2,3,3,2,2,2,1
1004,2,3,3,2,2,3,1
1005,2,3,3,2,3,1,1
1006,2,3,3,2,3,2,1
1007,2,3,3,2,3,3,1
1008,2,3,3,4,1,1,1
1009,2,3,3,4,1,2,1
1010,2,3,3,4,1,3,2
1011,2,3,3,4,2,1,1
1012,2,3,3,4,2,2,1
1013,2,3,3,4,2,3,2
1014,2,3,3,4,3,1,1
1015,2,3,3,4,3,2,2
1016,2,3,3,4,3,3,2
1017,2,3,3,5,1,1,1
1018,2,3,3,5,1,2,1
1019,2,3,3,5,1,3,2
1020,2,3,3,5,2,1,1
1021,2,3,3,5,2,2,2
1022,2,3,3,5,2,3,2
1023,2,3,3,5,3,1,1
1024,2,3,3,5,3,2,2
1025,2,3,3,5,3,3,2
1026,2,3,4,2,1,1,1
1027,2,3,4,2,1,2,1
1028,2,3,4,2,1,3,1
1029,2,3,4,2,2,1,1
1030,2,3,4,2,2,2,1
1031,2,3,4,2,2,3,1
1032,2,3,4,2,3,1,1
1033,2,3,4,2,3,2,1
1034,2,3,4,2,3,3,1
1035,2,3,4,4,1,1,1
1036,2,3,4,4,1,2,1
1037,2,3,4,4,1,3,2
1038,2,3,4,4,2,1,1
1039,2,3,4,4,2,2,2
1040,2,3,4,4,2,3,2
1041,2,3,4,4,3,1,1
1042,2,3,4,4,3,2,2
1043,2,3,4,4,3,3,2
1044,2,3,4,5,1,1,1
1045,2,3,4,5,1,2,1
1046,2,3,4,5,1,3,2
1047,2,3,4,5,2,1,1
1048,2,3,4,5,2,2,2
1049,2,3,4,5,2,3,2
1050,2,3,4,5,3,1,1
1051,2,3,4,5,3,2,2
1052,2,3,4,5,3,3,2
1053,2,3,6,2,1,1,1
1054,2,3,6,2,1,2,1
1055,2,3,6,2,1,3,1
1056,2,3,6,2,2,1,1
1057,2,3,6,2,2,2,1
1058,2,3,6,2,2,3,1
1059,2,3,6,2,3,1,1
1060,2,3,6,2,3,2,1
1061,2,3,6,2,3,3,1
1062,2,3,6,4,1,1,1
1063,2,3,6,4,1,2,1
1064,2,3,6,4,1,3,2
1065,2,3,6,4,2,1,1
1066,2,3,6,4,2,2,2
1067,2,3,6,4,2,3,2
1068,2,3,6,4,3,1,1
1069,2,3,6,4,3,2,2
1070,2,3,6,4,3,3,2
1071,2,3,6,5,1,1,1
1072,2,3,6,5,1,2,1
1073,2,3,6,5,1,3,2
1074,2,3,6,5,2,1,1
1075,2,3,6,5,2,2,2
1076,2,3,6,5,2,3,2
1077,2,3,6,5,3,1,1
1078,2,3,6,5,3,2,2
1079,2,3,6,5,3,3,2
1080,2,2,2,2,1,1,1
1081,2,2,2,2,1,2,1
1082,2,2,2,2,1,3,1
1083,2,2,2,2,2,1,1
1084,2,2,2,2,2,2,1
1085,2,2,2,2,2,3,1
1086,2,2,2,2,3,1,1
1087,2,2,2,2,3,2,1
1088,2,2,2,2,3,3,1
1089,2,2,2,4,1,1,1
1090,2,2,2,4,1,2,2
1091,2,2,2,4,1,3,2
1092,2,2,2,4,2,1,1
1093,2,2,2,4,2,2,2
1094,2,2,2,4,2,3,2
1095,2,2,2,4,3,1,1
1096,2,2,2,4,3,2,2
1097,2,2,2,4,3,3,4
1098,2,2,2,5,1,1,1
1099,2,2,2,5,1,2,1
1100,2,2,2,5,1,3,1
1101,2,2,2,5,2,1,1
1102,2,2,2,5,2,2,2
1103,2,2,2,5,2,3,2
1104,2,2,2,5,3,1,1
1105,2,2,2,5,3,2,2
1106,2,2,2,5,3,3,4
1107,2,2,3,2,1,1,1
1108,2,2,3,2,1,2,1
1109,2,2,3,2,1,3,1
1110,2,2,3,2,2,1,1
1111,2,2,3,2,2,2,1
1112,2,2,3,2,2,3,1
1113,2,2,3,2,3,1,1
1114,2,2,3,2,3,2,1
1115,2,2,3,2,3,3,1
1116,2,2,3,4,1,1,1
1117,2,2,3,4,1,2,2
1118,2,2,3,4,1,3,2
1119,2,2,3,4,2,1,1
1120,2,2,3,4,2,2,2
1121,2,2,3,4,2,3,2
1122,2,2,3,4,3,1,1
1123,2,2,3,4,3,2,2
1124,2,2,3,4,3,3,4
1125,2,2,3,5,1,1,1
1126,2,2,3,5,1,2,2
1127,2,2,3,5,1,3,2
1128,2,2,3,5,2,1,1
1129,2,2,3,5,2,2,2
1130,2,2,3,5,2,3,4
1131,2,2,3,5,3,1,1
1132,2,2,3,5,3,2,2
1133,2,2,3,5,3,3,4
1134,2,2,4,2,1,1,1
1135,2,2,4,2,1,2,1
1136,2,2,4,2,1,3,1
1137,2,2,4,2,2,1,1
1138,2,2,4,2,2,2,1
1139,2,2,4,2,2,3,1
1140,2,2,4,2,3,1,1
1141,2,2,4,2,3,2,1
1142,2,2,4,2,3,3,1
1143,2,2,4,4,1,1,1
1144,2,2,4,4,1,2,2
1145,2,2,4,4,1,3,2
1146,2,2,4,4,2,1,1
1147,2,2,4,4,2,2,2
1148,2,2,4,4,2,3,4
1149,2,2,4,4,3,1,1
1150,2,2,4,4,3,2,2
1151,2,2,4,4,3,3,4
1152,2,2,4,5,1,1,1
1153,2,2,4,5,1,2,2
1154,2,2,4,5,1,3,2
1155,2,2,4,5,2,1,1
1156,2,2,4,5,2,2,2
1157,2,2,4,5,2,3,4
1158,2,2,4,5,3,1,1
1159,2,2,4,5,3,2,2
1160,2,2,4,5,3,3,4
1161,2,2,6,2,1,1,1
1162,2,2,6,2,1,2,1
1163,2,2,6,2,1,3,1
1164,2,2,6,2,2,1,1
1165,2,2,6,2,2,2,1
1166,2,2,6,2,2,3,1
1167,2,2,6,2,3,1,1
1168,2,2,6,2,3,2,1
1169,2,2,6,2,3,3,1
1170,2,2,6,4,1,1,1
1171,2,2,6,4,1,2,2
1172,2,2,6,4,1,3,2
1173,2,2,6,4,2,1,1
1174,2,2,6,4,2,2,2
1175,2,2,6,4,2,3,4
1176,2,2,6,4,3,1,1
1177,2,2,6,4,3,2,2
1178,2,2,6,4,3,3,4
1179,2,2,6,5,1,1,1
1180,2,2,6,5,1,2,2
1181,2,2,6,5,1,3,2
1182,2,2,6,5,2,1,1
1183,2,2,6,5,2,2,2
1184,2,2,6,5,2,3,4
1185,2,2,6,5,3,1,1
1186,2,2,6,5,3,2,2
1187,2,2,6,5,3,3,4
1188,2,1,2,2,1,1,1
1189,2,1,2,2,1,2,1
1190,2,1,2,2,1,3,1
1191,2,1,2,2,2,1,1
1192,2,1,2,2,2,2,1
1193,2,1,2,2,2,3,1
1194,2,1,2,2,3,1,1
1195,2,1,2,2,3,2,1
1196,2,1,2,2,3,3,1
1197,2,1,2,4,1,1,1
1198,2,1,2,4,1,2,2
1199,2,1,2,4,1,3,3
1200,2,1,2,4,2,1,1
1201,2,1,2,4,2,2,2
1202,2,1,2,4,2,3,3
1203,2,1,2,4,3,1,1
1204,2,1,2,4,3,2,3
1205,2,1,2,4,3,3,4
1206,2,1,2,5,1,1,1
1207,2,1,2,5,1,2,1
1208,2,1,2,5,1,3,1
1209,2,1,2,5,2,1,1
1210,2,1,2,5,2,2,2
1211,2,1,2,5,2,3,3
1212,2,1,2,5,3,1,1
1213,2,1,2,5,3,2,3
1214,2,1,2,5,3,3,4
1215,2,1,3,2,1,1,1
1216,2,1,3,2,1,2,1
1217,2,1,3,2,1,3,1
1218,2,1,3,2,2,1,1
1219,2,1,3,2,2,2,1
1220,2,1,3,2,2,3,1
1221,2,1,3,2,3,1,1
1222,2,1,3,2,3,2,1
1223,2,1,3,2,3,3,1
1224,2,1,3,4,1,1,1
1225,2,1,3,4,1,2,2
1226,2,1,3,4,1,3,3
1227,2,1,3,4,2,1,1
1228,2,1,3,4,2,2,2
1229,2,1,3,4,2,3,3
1230,2,1,3,4,3,1,1
1231,2,1,3,4,3,2,3
1232,2,1,3,4,3,3,4
1233,2,1,3,5,1,1,1
1234,2,1,3,5,1,2,2
1235,2,1,3,5,1,3,3
1236,2,1,3,5,2,1,1
1237,2,1,3,5,2,2,3
1238,2,1,3,5,2,3,4
1239,2,1,3,5,3,1,1
1240,2,1,3,5,3,2,3
1241,2,1,3,5,3,3,4
1242,2,1,4,2,1,1,1
1243,2,1,4,2,1,2,1
1244,2,1,4,2,1,3,1
1245,2,1,4,2,2,1,1
1246,2,1,4,2,2,2,1
1247,2,1,4,2,2,3,1
1248,2,1,4,2,3,1,1
1249,2,1,4,2,3,2,1
1250,2,1,4,2,3,3,1
1251,2,1,4,4,1,1,1
1252,2,1,4,4,1,2,2
1253,2,1,4,4,1,3,3
1254,2,1,4,4,2,1,1
1255,2,1,4,4,2,2,3
1256,2,1,4,4,2,3,4
1257,2,1,4,4,3,1,1
1258,2,1,4,4,3,2,3
1259,2,1,4,4,3,3,4
1260,2,1,4,5,1,1,1
1261,2,1,4,5,1,2,2
1262,2,1,4,5,1,3,3
1263,2,1,4,5,2,1,1
1264,2,1,4,5,2,2,3
1265,2,1,4,5,2,3,4
1266,2,1,4,5,3,1,1
1267,2,1,4,5,3,2,3
1268,2,1,4,5,3,3,4
1269,2,1,6,2,1,1,1
1270,2,1,6,2,1,2,1
1271,2,1,6,2,1,3,1
1272,2,1,6,2,2,1,1
1273,2,1,6,2,2,2,1
1274,2,1,6,2,2,3,1
1275,2,1,6,2,3,1,1
1276,2,1,6,2,3,2,1
1277,2,1,6,2,3,3,1
1278,2,1,6,4,1,1,1
1279,2,1,6,4,1,2,2
1280,2,1,6,4,1,3,3
1281,2,1,6,4,2,1,1
1282,2,1,6,4,2,2,3
1283,2,1,6,4,2,3,4
1284,2,1,6,4,3,1,1
1285,2,1,6,4,3,2,3
1286,2,1,6,4,3,3,4
1287,2,1,6,5,1,1,1
1288,2,1,6,5,1,2,2
1289,2,1,6,5,1,3,3
1290,2,1,6,5,2,1,1
1291,2,1,6,5,2,2,3
1292,2,1,6,5,2,3,4
1293,2,1,6,5,3,1,1
1294,2,1,6,5,3,2,3
1295,2,1,6,5,3,3,4
1296,1,4,2,2,1,1,1
1297,1,4,2,2,1,2,1
1298,1,4,2,2,1,3,1
1299,1,4,2,2,2,1,1
1300,1,4,2,2,2,2,1
1301,1,4,2,2,2,3,1
1302,1,4,2,2,3,1,1
1303,1,4,2,2,3,2,1
1304,1,4,2,2,3,3,1
1305,1,4,2,4,1,1,1
1306,1,4,2,4,1,2,1
1307,1,4,2,4,1,3,2
1308,1,4,2,4,2,1,1
1309,1,4,2,4,2,2,1
1310,1,4,2,4,2,3,2
1311,1,4,2,4,3,1,1
1312,1,4,2,4,3,2,2
1313,1,4,2,4,3,3,2
1314,1,4,2,5,1,1,1
1315,1,4,2,5,1,2,1
1316,1,4,2,5,1,3,1
1317,1,4,2,5,2,1,1
1318,1,4,2,5,2,2,1
1319,1,4,2,5,2,3,2
1320,1,4,2,5,3,1,1
1321,1,4,2,5,3,2,2
1322,1,4,2,5,3,3,2
1323,1,4,3,2,1,1,1
1324,1,4,3,2,1,2,1
1325,1,4,3,2,1,3,1
1326,1,4,3,2,2,1,1
1327,1,4,3,2,2,2,1
1328,1,4,3,2,2,3,1
1329,1,4,3,2,3,1,1
1330,1,4,3,2,3,2,1
1331,1,4,3,2,3,3,1
1332,1,4,3,4,1,1,1
1333,1,4,3,4,1,2,1
1334,1,4,3,4,1,3,2
1335,1,4,3,4,2,1,1
1336,1,4,3,4,2,2,1
1337,1,4,3,4,2,3,2
1338,1,4,3,4,3,1,1
1339,1,4,3,4,3,2,2
1340,1,4,3,4,3,3,2
1341,1,4,3,5,1,1,1
1342,1,4,3,5,1,2,1
1343,1,4,3,5,1,3,2
1344,1,4,3,5,2,1,1
1345,1,4,3,5,2,2,2
1346,1,4,3,5,2,3,2
1347,1,4,3,5,3,1,1
1348,1,4,3,5,3,2,2
1349,1,4,3,5,3,3,2
1350,1,4,4,2,1,1,1
1351,1,4,4,2,1,2,1
1352,1,4,4,2,1,3,1
1353,1,4,4,2,2,1,1
1354,1,4,4,2,2,2,1
1355,1,4,4,2,2,3,1
1356,1,4,4,2,3,1,1
1357,1,4,4,2,3,2,1
1358,1,4,4,2,3,3,1
1359,1,4,4,4,1,1,1
1360,1,4,4,4,1,2,1
1361,1,4,4,4,1,3,2
1362,1,4,4,4,2,1,1
1363,1,4,4,4,2,2,2
1364,1,4,4,4,2,3,2
1365,1,4,4,4,3,1,1
1366,1,4,4,4,3,2,2
1367,1,4,4,4,3,3,2
1368,1,4,4,5,1,1,1
1369,1,4,4,5,1,2,1
1370,1,4,4,5,1,3,2
1371,1,4,4,5,2,1,1
1372,1,4,4,5,2,2,2
1373,1,4,4,5,2,3,2
1374,1,4,4,5,3,1,1
1375,1,4,4,5,3,2,2
1376,1,4,4,5,3,3,2
1377,1,4,6,2,1,1,1
1378,1,4,6,2,1,2,1
1379,1,4,6,2,1,3,1
1380,1,4,6,2,2,1,1
1381,1,4,6,2,2,2,1
1382,1,4,6,2,2,3,1
1383,1,4,6,2,3,1,1
1384,1,4,6,2,3,2,1
1385,1,4,6,2,3,3,1
1386,1,4,6,4,1,1,1
1387,1,4,6,4,1,2,1
1388,1,4,6,4,1,3,2
1389,1,4,6,4,2,1,1
1390,1,4,6,4,2,2,2
1391,1,4,6,4,2,3,2
1392,1,4,6,4,3,1,1
1393,1,4,6,4,3,2,2
1394,1,4,6,4,3,3,2
1395,1,4,6,5,1,1,1
1396,1,4,6,5,1,2,1
1397,1,4,6,5,1,3,2
1398,1,4,6,5,2,1,1
1399,1,4,6,5,2,2,2
1400,1,4,6,5,2,3,2
1401,1,4,6,5,3,1,1
1402,1,4,6,5,3,2,2
1403,1,4,6,5,3,3,2
1404,1,3,2,2,1,1,1
1405,1,3,2,2,1,2,1
1406,1,3,2,2,1,3,1
1407,1,3,2,2,2,1,1
1408,1,3,2,2,2,2,1
1409,1,3,2,2,2,3,1
1410,1,3,2,2,3,1,1
1411,1,3,2,2,3,2,1
1412,1,3,2,2,3,3,1
1413,1,3,2,4,1,1,1
1414,1,3,2,4,1,2,2
1415,1,3,2,4,1,3,2
1416,1,3,2,4,2,1,1
1417,1,3,2,4,2,2,2
1418,1,3,2,4,2,3,2
1419,1,3,2,4,3,1,1
1420,1,3,2,4,3,2,2
1421,1,3,2,4,3,3,4
1422,1,3,2,5,1,1,1
1423,1,3,2,5,1,2,1
1424,1,3,2,5,1,3,1
1425,1,3,2,5,2,1,1
1426,1,3,2,5,2,2,2
1427,1,3,2,5,2,3,2
1428,1,3,2,5,3,1,1
1429,1,3,2,5,3,2,2
1430,1,3,2,5,3,3,4
1431,1,3,3,2,1,1,1
1432,1,3,3,2,1,2,1
1433,1,3,3,2,1,3,1
1434,1,3,3,2,2,1,1
1435,1,3,3,2,2,2,1
1436,1,3,3,2,2,3,1
1437,1,3,3,2,3,1,1
1438,1,3,3,2,3,2,1
1439,1,3,3,2,3,3,1
1440,1,3,3,4,1,1,1
1441,1,3,3,4,1,2,2
1442,1,3,3,4,1,3,2
1443,1,3,3,4,2,1,1
1444,1,3,3,4,2,2,2
1445,1,3,3,4,2,3,2
1446,1,3,3,4,3,1,1
1447,1,3,3,4,3,2,2
1448,1,3,3,4,3,3,4
1449,1,3,3,5,1,1,1
1450,1,3,3,5,1,2,2
1451,1,3,3,5,1,3,2
1452,1,3,3,5,2,1,1
1453,1,3,3,5,2,2,2
1454,1,3,3,5,2,3,4
1455,1,3,3,5,3,1,1
1456,1,3,3,5,3,2,2
1457,1,3,3,5,3,3,4
1458,1,3,4,2,1,1,1
1459,1,3,4,2,1,2,1
1460,1,3,4,2,1,3,1
1461,1,3,4,2,2,1,1
1462,1,3,4,2,2,2,1
1463,1,3,4,2,2,3,1
1464,1,3,4,2,3,1,1
1465,1,3,4,2,3,2,1
1466,1,3,4,2,3,3,1
1467,1,3,4,4,1,1,1
1468,1,3,4,4,1,2,2
1469,1,3,4,4,1,3,2
1470,1,3,4,4,2,1,1
1471,1,3,4,4,2,2,2
1472,1,3,4,4,2,3,4
1473,1,3,4,4,3,1,1
1474,1,3,4,4,3,2,2
1475,1,3,4,4,3,3,4
1476,1,3,4,5,1,1,1
1477,1,3,4,5,1,2,2
1478,1,3,4,5,1,3,2
1479,1,3,4,5,2,1,1
1480,1,3,4,5,2,2,2
1481,1,3,4,5,2,3,4
1482,1,3,4,5,3,1,1
1483,1,3,4,5,3,2,2
1484,1,3,4,5,3,3,4
1485,1,3,6,2,1,1,1
1486,1,3,6,2,1,2,1
1487,1,3,6,2,1,3,1
1488,1,3,6,2,2,1,1
1489,1,3,6,2,2,2,1
1490,1,3,6,2,2,3,1
1491,1,3,6,2,3,1,1
1492,1,3,6,2,3,2,1
1493,1,3,6,2,3,3,1
1494,1,3,6,4,1,1,1
1495,1,3,6,4,1,2,2
1496,1,3,6,4,1,3,2
1497,1,3,6,4,2,1,1
1498,1,3,6,4,2,2,2
1499,1,3,6,4,2,3,4
1500,1,3,6,4,3,1,1
1501,1,3,6,4,3,2,2
1502,1,3,6,4,3,3,4
1503,1,3,6,5,1,1,1
1504,1,3,6,5,1,2,2
1505,1,3,6,5,1,3,2
1506,1,3,6,5,2,1,1
1507,1,3,6,5,2,2,2
1508,1,3,6,5,2,3,4
1509,1,3,6,5,3,1,1
1510,1,3,6,5,3,2,2
1511,1,3,6,5,3,3,4
1512,1,2,2,2,1,1,1
1513,1,2,2,2,1,2,1
1514,1,2,2,2,1,3,1
1515,1,2,2,2,2,1,1
1516,1,2,2,2,2,2,1
1517,1,2,2,2,2,3,1
1518,1,2,2,2,3,1,1
1519,1,2,2,2,3,2,1
1520,1,2,2,2,3,3,1
1521,1,2,2,4,1,1,1
1522,1,2,2,4,1,2,2
1523,1,2,2,4,1,3,3
1524,1,2,2,4,2,1,1
1525,1,2,2,4,2,2,2
1526,1,2,2,4,2,3,3
1527,1,2,2,4,3,1,1
1528,1,2,2,4,3,2,3
1529,1,2,2,4,3,3,4
1530,1,2,2,5,1,1,1
1531,1,2,2,5,1,2,1
1532,1,2,2,5,1,3,1
1533,1,2,2,5,2,1,1
1534,1,2,2,5,2,2,2
1535,1,2,2,5,2,3,3
1536,1,2,2,5,3,1,1
1537,1,2,2,5,3,2,3
1538,1,2,2,5,3,3,4
1539,1,2,3,2,1,1,1
1540,1,2,3,2,1,2,1
1541,1,2,3,2,1,3,1
1542,1,2,3,2,2,1,1
1543,1,2,3,2,2,2,1
1544,1,2,3,2,2,3,1
1545,1,2,3,2,3,1,1
1546,1,2,3,2,3,2,1
1547,1,2,3,2,3,3,1
1548,1,2,3,4,1,1,1
1549,1,2,3,4,1,2,2
1550,1,2,3,4,1,3,3
1551,1,2,3,4,2,1,1
1552,1,2,3,4,2,2,2
1553,1,2,3,4,2,3,3
1554,1,2,3,4,3,1,1
1555,1,2,3,4,3,2,3
1556,1,2,3,4,3,3,4
1557,1,2,3,5,1,1,1
1558,1,2,3,5,1,2,2
1559,1,2,3,5,1,3,3
1560,1,2,3,5,2,1,1
1561,1,2,3,5,2,2,3
1562,1,2,3,5,2,3,4
1563,1,2,3,5,3,1,1
1564,1,2,3,5,3,2,3
1565,1,2,3,5,3,3,4
1566,1,2,4,2,1,1,1
1567,1,2,4,2,1,2,1
1568,1,2,4,2,1,3,1
1569,1,2,4,2,2,1,1
1570,1,2,4,2,2,2,1
1571,1,2,4,2,2,3,1
1572,1,2,4,2,3,1,1
1573,1,2,4,2,3,2,1
1574,1,2,4,2,3,3,1
1575,1,2,4,4,1,1,1
1576,1,2,4,4,1,2,2
1577,1,2,4,4,1,3,3
1578,1,2,4,4,2,1,1
1579,1,2,4,4,2,2,3
1580,1,2,4,4,2,3,4
1581,1,2,4,4,3,1,1
1582,1,2,4,4,3,2,3
1583,1,2,4,4,3,3,4
1584,1,2,4,5,1,1,1
1585,1,2,4,5,1,2,2
1586,1,2,4,5,1,3,3
1587,1,2,4,5,2,1,1
1588,1,2,4,5,2,2,3
1589,1,2,4,5,2,3,4
1590,1,2,4,5,3,1,1
1591,1,2,4,5,3,2,3
1592,1,2,4,5,3,3,4
1593,1,2,6,2,1,1,1
1594,1,2,6,2,1,2,1
1595,1,2,6,2,1,3,1
1596,1,2,6,2,2,1,1
1597,1,2,6,2,2,2,1
1598,1,2,6,2,2,3,1
1599,1,2,6,2,3,1,1
1600,1,2,6,2,3,2,1
1601,1,2,6,2,3,3,1
1602,1,2,6,4,1,1,1
1603,1,2,6,4,1,2,2
1604,1,2,6,4,1,3,3
1605,1,2,6,4,2,1,1
1606,1,2,6,4,2,2,3
1607,1,2,6,4,2,3,4
1608,1,2,6,4,3,1,1
1609,1,2,6,4,3,2,3
1610,1,2,6,4,3,3,4
1611,1,2,6,5,1,1,1
1612,1,2,6,5,1,2,2
1613,1,2,6,5,1,3,3
1614,1,2,6,5,2,1,1
1615,1,2,6,5,2,2,3
1616,1,2,6,5,2,3,4
1617,1,2,6,5,3,1,1
1618,1,2,6,5,3,2,3
1619,1,2,6,5,3,3,4
1620,1,1,2,2,1,1,1
1621,1,1,2,2,1,2,1
1622,1,1,2,2,1,3,1
1623,1,1,2,2,2,1,1
1624,1,1,2,2,2,2,1
1625,1,1,2,2,2,3,1
1626,1,1,2,2,3,1,1
1627,1,1,2,2,3,2,1
1628,1,1,2,2,3,3,1
1629,1,1,2,4,1,1,1
1630,1,1,2,4,1,2,2
1631,1,1,2,4,1,3,3
1632,1,1,2,4,2,1,1
1633,1,1,2,4,2,2,2
1634,1,1,2,4,2,3,3
1635,1,1,2,4,3,1,1
1636,1,1,2,4,3,2,3
1637,1,1,2,4,3,3,4
1638,1,1,2,5,1,1,1
1639,1,1,2,5,1,2,1
1640,1,1,2,5,1,3,1
1641,1,1,2,5,2,1,1
1642,1,1,2,5,2,2,2
1643,1,1,2,5,2,3,3
1644,1,1,2,5,3,1,1
1645,1,1,2,5,3,2,3
1646,1,1,2,5,3,3,4
1647,1,1,3,2,1,1,1
1648,1,1,3,2,1,2,1
1649,1,1,3,2,1,3,1
1650,1,1,3,2,2,1,1
1651,1,1,3,2,2,2,1
1652,1,1,3,2,2,3,1
1653,1,1,3,2,3,1,1
1654,1,1,3,2,3,2,1
1655,1,1,3,2,3,3,1
1656,1,1,3,4,1,1,1
1657,1,1,3,4,1,2,2
1658,1,1,3,4,1,3,3
1659,1,1,3,4,2,1,1
1660,1,1,3,4,2,2,2
1661,1,1,3,4,2,3,3
1662,1,1,3,4,3,1,1
1663,1,1,3,4,3,2,3
1664,1,1,3,4,3,3,4
1665,1,1,3,5,1,1,1
1666,1,1,3,5,1,2,2
1667,1,1,3,5,1,3,3
1668,1,1,3,5,2,1,1
1669,1,1,3,5,2,2,3
1670,1,1,3,5,2,3,4
1671,1,1,3,5,3,1,1
1672,1,1,3,5,3,2,3
1673,1,1,3,5,3,3,4
1674,1,1,4,2,1,1,1
1675,1,1,4,2,1,2,1
1676,1,1,4,2,1,3,1
1677,1,1,4,2,2,1,1
1678,1,1,4,2,2,2,1
1679,1,1,4,2,2,3,1
1680,1,1,4,2,3,1,1
1681,1,1,4,2,3,2,1
1682,1,1,4,2,3,3,1
1683,1,1,4,4,1,1,1
1684,1,1,4,4,1,2,2
1685,1,1,4,4,1,3,3
1686,1,1,4,4,2,1,1
1687,1,1,4,4,2,2,3
1688,1,1,4,4,2,3,4
1689,1,1,4,4,3,1,1
1690,1,1,4,4,3,2,3
1691,1,1,4,4,3,3,4
1692,1,1,4,5,1,1,1
1693,1,1,4,5,1,2,2
1694,1,1,4,5,1,3,3
1695,1,1,4,5,2,1,1
1696,1,1,4,5,2,2,3
1697,1,1,4,5,2,3,4
1698,1,1,4,5,3,1,1
1699,1,1,4,5,3,2,3
1700,1,1,4,5,3,3,4
1701,1,1,6,2,1,1,1
1702,1,1,6,2,1,2,1
1703,1,1,6,2,1,3,1
1704,1,1,6,2,2,1,1
1705,1,1,6,2,2,2,1
1706,1,1,6,2,2,3,1
1707,1,1,6,2,3,1,1
1708,1,1,6,2,3,2,1
1709,1,1,6,2,3,3,1
1710,1,1,6,4,1,1,1
1711,1,1,6,4,1,2,2
1712,1,1,6,4,1,3,3
1713,1,1,6,4,2,1,1
1714,1,1,6,4,2,2,3
1715,1,1,6,4,2,3,4
1716,1,1,6,4,3,1,1
1717,1,1,6,4,3,2,3
1718,1,1,6,4,3,3,4
1719,1,1,6,5,1,1,1
1720,1,1,6,5,1,2,2
1721,1,1,6,5,1,3,3
1722,1,1,6,5,2,1,1
1723,1,1,6,5,2,2,3
1724,1,1,6,5,2,3,4
1725,1,1,6,5,3,1,1
1726,1,1,6,5,3,2,3
1727,1,1,6,5,3,3,4
